GAME_DATE_EST,GAME_ID,HOME_TEAM_ID,VISITOR_TEAM_ID,SEASON,HOME_TEAM_WINS
2020-10-11,41900406,1610612748,1610612747,2019,0
2020-10-09,41900405,1610612747,1610612748,2019,0
2020-10-06,41900404,1610612748,1610612747,2019,0
2020-10-04,41900403,1610612748,1610612747,2019,1
2020-10-02,41900402,1610612747,1610612748,2019,1
2020-09-30,41900401,1610612747,1610612748,2019,1
2020-09-27,41900306,1610612748,1610612738,2019,1
2020-09-26,41900315,1610612747,1610612743,2019,1
2020-09-25,41900305,1610612738,1610612748,2019,1
2020-09-24,41900314,1610612743,1610612747,2019,0
2020-09-23,41900304,1610612748,1610612738,2019,1
2020-09-22,41900313,1610612743,1610612747,2019,1
2020-09-20,41900312,1610612747,1610612743,2019,1
2020-09-19,41900303,1610612748,1610612738,2019,0
2020-09-18,41900311,1610612747,1610612743,2019,1
2020-09-17,41900302,1610612738,1610612748,2019,0
2020-09-15,41900301,1610612738,1610612748,2019,0
2020-09-15,41900237,1610612746,1610612743,2019,0
2020-09-13,41900236,1610612743,1610612746,2019,1
2020-09-12,41900225,1610612747,1610612745,2019,1
2020-09-11,41900235,1610612746,1610612743,2019,0
2020-09-11,41900217,1610612761,1610612738,2019,0
2020-09-10,41900224,1610612745,1610612747,2019,0
2020-09-09,41900216,1610612738,1610612761,2019,0
2020-09-09,41900234,1610612743,1610612746,2019,0
2020-09-08,41900205,1610612749,1610612748,2019,0
2020-09-08,41900223,1610612745,1610612747,2019,0
2020-09-07,41900215,1610612761,1610612738,2019,0
2020-09-07,41900233,1610612743,1610612746,2019,0
2020-09-06,41900204,1610612748,1610612749,2019,0
2020-09-06,41900222,1610612747,1610612745,2019,1
2020-09-05,41900214,1610612738,1610612761,2019,0
2020-09-05,41900232,1610612746,1610612743,2019,0
2020-09-04,41900203,1610612748,1610612749,2019,1
2020-09-04,41900221,1610612747,1610612745,2019,0
2020-09-03,41900213,1610612738,1610612761,2019,0
2020-09-03,41900231,1610612746,1610612743,2019,1
2020-09-02,41900202,1610612749,1610612748,2019,0
2020-09-02,41900177,1610612745,1610612760,2019,1
2020-09-01,41900212,1610612761,1610612738,2019,0
2020-09-01,41900167,1610612743,1610612762,2019,1
2020-08-31,41900201,1610612749,1610612748,2019,0
2020-08-31,41900176,1610612760,1610612745,2019,1
2020-08-30,41900211,1610612761,1610612738,2019,0
2020-08-30,41900156,1610612742,1610612746,2019,0
2020-08-30,41900166,1610612762,1610612743,2019,0
2020-08-29,41900105,1610612749,1610612753,2019,1
2020-08-29,41900175,1610612745,1610612760,2019,1
2020-08-29,41900145,1610612747,1610612757,2019,1
2020-08-25,41900165,1610612743,1610612762,2019,1
2020-08-25,41900155,1610612746,1610612742,2019,1
2020-08-24,41900104,1610612753,1610612749,2019,0
2020-08-24,41900174,1610612760,1610612745,2019,1
2020-08-24,41900134,1610612748,1610612754,2019,1
2020-08-24,41900144,1610612757,1610612747,2019,0
2020-08-23,41900124,1610612755,1610612738,2019,0
2020-08-23,41900154,1610612742,1610612746,2019,1
2020-08-23,41900114,1610612751,1610612761,2019,0
2020-08-23,41900164,1610612762,1610612743,2019,1
2020-08-22,41900103,1610612753,1610612749,2019,0
2020-08-22,41900133,1610612748,1610612754,2019,1
2020-08-22,41900173,1610612760,1610612745,2019,1
2020-08-22,41900143,1610612757,1610612747,2019,0
2020-08-21,41900113,1610612751,1610612761,2019,0
2020-08-21,41900163,1610612762,1610612743,2019,1
2020-08-21,41900123,1610612755,1610612738,2019,0
2020-08-21,41900153,1610612742,1610612746,2019,0
2020-08-20,41900132,1610612754,1610612748,2019,0
2020-08-20,41900172,1610612745,1610612760,2019,1
2020-08-20,41900102,1610612749,1610612753,2019,1
2020-08-20,41900142,1610612747,1610612757,2019,1
2020-08-19,41900112,1610612761,1610612751,2019,1
2020-08-19,41900162,1610612743,1610612762,2019,0
2020-08-19,41900122,1610612738,1610612755,2019,1
2020-08-19,41900152,1610612746,1610612742,2019,0
2020-08-18,41900101,1610612749,1610612753,2019,0
2020-08-18,41900131,1610612754,1610612748,2019,0
2020-08-18,41900171,1610612745,1610612760,2019,1
2020-08-18,41900141,1610612747,1610612757,2019,0
2020-08-17,41900161,1610612743,1610612762,2019,1
2020-08-17,41900111,1610612761,1610612751,2019,1
2020-08-17,41900121,1610612738,1610612755,2019,1
2020-08-17,41900151,1610612746,1610612742,2019,1
2020-08-15,51900111,1610612757,1610612763,2019,1
2020-08-14,21901318,1610612761,1610612743,2019,1
2020-08-14,21901316,1610612754,1610612748,2019,1
2020-08-14,21901317,1610612746,1610612760,2019,1
2020-08-14,21901315,1610612745,1610612755,2019,0
2020-08-13,21901308,1610612738,1610612764,2019,0
2020-08-13,21901310,1610612747,1610612758,2019,0
2020-08-13,21901311,1610612763,1610612749,2019,1
2020-08-13,21901313,1610612756,1610612742,2019,1
2020-08-13,21901314,1610612762,1610612759,2019,1
2020-08-13,21901309,1610612751,1610612757,2019,0
2020-08-13,21901312,1610612753,1610612740,2019,1
2020-08-12,21901304,1610612745,1610612754,2019,0
2020-08-12,21901305,1610612755,1610612761,2019,0
2020-08-12,21901306,1610612760,1610612748,2019,1
2020-08-12,21901307,1610612743,1610612746,2019,0
2020-08-11,21901297,1610612753,1610612751,2019,0
2020-08-11,21901298,1610612759,1610612745,2019,1
2020-08-11,21901299,1610612755,1610612756,2019,0
2020-08-11,21901301,1610612763,1610612738,2019,0
2020-08-11,21901300,1610612742,1610612757,2019,0
2020-08-11,21901302,1610612758,1610612740,2019,1
2020-08-11,21901303,1610612764,1610612749,2019,0
2020-08-10,21901292,1610612756,1610612760,2019,1
2020-08-10,21901293,1610612762,1610612742,2019,0
2020-08-10,21901294,1610612749,1610612761,2019,0
2020-08-10,21901295,1610612748,1610612754,2019,1
2020-08-10,21901296,1610612747,1610612743,2019,1
2020-08-09,21901285,1610612760,1610612764,2019,1
2020-08-09,21901286,1610612761,1610612763,2019,1
2020-08-09,21901287,1610612740,1610612759,2019,0
2020-08-09,21901288,1610612738,1610612753,2019,1
2020-08-09,21901289,1610612757,1610612755,2019,1
2020-08-09,21901290,1610612758,1610612745,2019,0
2020-08-09,21901291,1610612746,1610612751,2019,0
2020-08-08,21901280,1610612757,1610612746,2019,0
2020-08-08,21901281,1610612743,1610612762,2019,1
2020-08-08,21901282,1610612754,1610612747,2019,1
2020-08-08,21901283,1610612748,1610612756,2019,0
2020-08-08,21901284,1610612742,1610612749,2019,1
2020-08-07,21901274,1610612759,1610612762,2019,1
2020-08-07,21901275,1610612763,1610612760,2019,1
2020-08-07,21901276,1610612751,1610612758,2019,1
2020-08-07,21901277,1610612755,1610612753,2019,1
2020-08-07,21901278,1610612740,1610612764,2019,1
2020-08-07,21901279,1610612761,1610612738,2019,0
2020-08-06,21901268,1610612758,1610612740,2019,1
2020-08-06,21901269,1610612749,1610612748,2019,1
2020-08-06,21901270,1610612756,1610612754,2019,1
2020-08-06,21901271,1610612742,1610612746,2019,0
2020-08-06,21901272,1610612743,1610612757,2019,0
2020-08-06,21901273,1610612745,1610612747,2019,1
2020-08-05,21901262,1610612762,1610612763,2019,1
2020-08-05,21901263,1610612764,1610612755,2019,0
2020-08-05,21901264,1610612759,1610612743,2019,0
2020-08-05,21901265,1610612747,1610612760,2019,0
2020-08-05,21901266,1610612753,1610612761,2019,0
2020-08-05,21901267,1610612738,1610612751,2019,1
2020-08-04,21901256,1610612749,1610612751,2019,0
2020-08-04,21901257,1610612758,1610612742,2019,0
2020-08-04,21901258,1610612746,1610612756,2019,0
2020-08-04,21901259,1610612754,1610612753,2019,1
2020-08-04,21901260,1610612748,1610612738,2019,1
2020-08-04,21901261,1610612757,1610612745,2019,1
2020-08-03,21901250,1610612748,1610612761,2019,0
2020-08-03,21901251,1610612760,1610612743,2019,0
2020-08-03,21901252,1610612764,1610612754,2019,0
2020-08-03,21901253,1610612740,1610612763,2019,1
2020-08-03,21901254,1610612755,1610612759,2019,1
2020-08-03,21901255,1610612762,1610612747,2019,0
2020-08-02,21901244,1610612751,1610612764,2019,1
2020-08-02,21901245,1610612738,1610612757,2019,1
2020-08-02,21901246,1610612763,1610612759,2019,0
2020-08-02,21901247,1610612753,1610612758,2019,1
2020-08-02,21901248,1610612745,1610612749,2019,1
2020-08-02,21901249,1610612756,1610612742,2019,1
2020-08-01,21901239,1610612743,1610612748,2019,0
2020-08-01,21901240,1610612760,1610612762,2019,1
2020-08-01,21901241,1610612746,1610612740,2019,1
2020-08-01,21901242,1610612754,1610612755,2019,1
2020-08-01,21901243,1610612761,1610612747,2019,1
2020-07-31,21901233,1610612751,1610612753,2019,0
2020-07-31,21901234,1610612757,1610612763,2019,1
2020-07-31,21901235,1610612764,1610612756,2019,0
2020-07-31,21901236,1610612749,1610612738,2019,1
2020-07-31,21901237,1610612759,1610612758,2019,1
2020-07-31,21901238,1610612742,1610612745,2019,0
2020-07-30,21901231,1610612740,1610612762,2019,0
2020-07-30,21901232,1610612747,1610612746,2019,1
2020-07-28,11900128,1610612748,1610612763,2019,0
2020-07-28,11900129,1610612756,1610612761,2019,1
2020-07-28,11900130,1610612754,1610612759,2019,0
2020-07-28,11900131,1610612757,1610612760,2019,0
2020-07-28,11900132,1610612745,1610612738,2019,1
2020-07-28,11900133,1610612755,1610612742,2019,0
2020-07-27,11900123,1610612747,1610612764,2019,1
2020-07-27,11900124,1610612746,1610612758,2019,0
2020-07-27,11900125,1610612751,1610612762,2019,0
2020-07-27,11900126,1610612743,1610612753,2019,0
2020-07-27,11900127,1610612749,1610612740,2019,0
2020-07-26,11900118,1610612760,1610612755,2019,1
2020-07-26,11900119,1610612738,1610612756,2019,1
2020-07-26,11900120,1610612742,1610612754,2019,0
2020-07-26,11900121,1610612761,1610612757,2019,1
2020-07-26,11900122,1610612763,1610612745,2019,0
2020-07-25,11900112,1610612753,1610612747,2019,0
2020-07-25,11900113,1610612758,1610612749,2019,0
2020-07-25,11900114,1610612762,1610612748,2019,1
2020-07-25,11900115,1610612759,1610612751,2019,0
2020-07-25,11900116,1610612764,1610612746,2019,0
2020-07-25,11900117,1610612740,1610612743,2019,1
2020-07-24,11900109,1610612755,1610612763,2019,1
2020-07-24,11900110,1610612738,1610612760,2019,0
2020-07-24,11900111,1610612761,1610612745,2019,1
2020-07-23,11900105,1610612749,1610612759,2019,1
2020-07-23,11900106,1610612754,1610612757,2019,1
2020-07-23,11900107,1610612747,1610612742,2019,0
2020-07-23,11900108,1610612762,1610612756,2019,0
2020-07-22,11900101,1610612746,1610612753,2019,1
2020-07-22,11900102,1610612743,1610612764,2019,1
2020-07-22,11900103,1610612751,1610612740,2019,0
2020-07-22,11900104,1610612748,1610612758,2019,1
2020-03-11,21900971,1610612755,1610612765,2019,1
2020-03-11,21900969,1610612737,1610612752,2019,0
2020-03-11,21900970,1610612748,1610612766,2019,0
2020-03-11,21900973,1610612742,1610612743,2019,1
2020-03-10,21900960,1610612754,1610612738,2019,0
2020-03-10,21900961,1610612764,1610612752,2019,1
2020-03-10,21900962,1610612741,1610612739,2019,1
2020-03-10,21900963,1610612745,1610612750,2019,1
2020-03-10,21900964,1610612763,1610612753,2019,0
2020-03-10,21900965,1610612759,1610612742,2019,1
2020-03-10,21900966,1610612757,1610612756,2019,1
2020-03-10,21900967,1610612744,1610612746,2019,0
2020-03-10,21900968,1610612747,1610612751,2019,0
2020-03-09,21900957,1610612737,1610612766,2019,1
2020-03-09,21900958,1610612743,1610612749,2019,1
2020-03-09,21900959,1610612762,1610612761,2019,0
2020-03-08,21900946,1610612751,1610612741,2019,1
2020-03-08,21900947,1610612750,1610612740,2019,0
2020-03-08,21900948,1610612746,1610612747,2019,0
2020-03-08,21900949,1610612738,1610612760,2019,0
2020-03-08,21900950,1610612756,1610612749,2019,1
2020-03-08,21900951,1610612764,1610612748,2019,0
2020-03-08,21900952,1610612742,1610612754,2019,0
2020-03-08,21900953,1610612745,1610612753,2019,0
2020-03-08,21900954,1610612739,1610612759,2019,1
2020-03-08,21900955,1610612752,1610612765,2019,1
2020-03-08,21900956,1610612758,1610612761,2019,0
2020-03-07,21900940,1610612766,1610612745,2019,1
2020-03-07,21900941,1610612765,1610612762,2019,0
2020-03-07,21900942,1610612739,1610612743,2019,1
2020-03-07,21900943,1610612763,1610612737,2019,1
2020-03-07,21900944,1610612744,1610612755,2019,1
2020-03-07,21900945,1610612757,1610612758,2019,0
2020-03-06,21900930,1610612764,1610612737,2019,1
2020-03-06,21900931,1610612751,1610612759,2019,1
2020-03-06,21900932,1610612752,1610612760,2019,0
2020-03-06,21900933,1610612738,1610612762,2019,0
2020-03-06,21900934,1610612741,1610612754,2019,0
2020-03-06,21900935,1610612750,1610612753,2019,0
2020-03-06,21900936,1610612740,1610612748,2019,1
2020-03-06,21900937,1610612742,1610612763,2019,1
2020-03-06,21900938,1610612756,1610612757,2019,1
2020-03-06,21900939,1610612747,1610612749,2019,1
2020-03-05,21900926,1610612766,1610612743,2019,0
2020-03-05,21900927,1610612745,1610612746,2019,0
2020-03-05,21900928,1610612758,1610612755,2019,0
2020-03-05,21900929,1610612744,1610612761,2019,0
2020-03-04,21900917,1610612739,1610612738,2019,0
2020-03-04,21900918,1610612765,1610612760,2019,0
2020-03-04,21900924,1610612749,1610612754,2019,1
2020-03-04,21900919,1610612748,1610612753,2019,1
2020-03-04,21900920,1610612751,1610612763,2019,0
2020-03-04,21900921,1610612752,1610612762,2019,0
2020-03-04,21900922,1610612750,1610612741,2019,1
2020-03-04,21900923,1610612742,1610612740,2019,1
2020-03-04,21900925,1610612757,1610612764,2019,1
2020-03-03,21900909,1610612766,1610612759,2019,0
2020-03-03,21900910,1610612738,1610612751,2019,0
2020-03-03,21900911,1610612740,1610612750,2019,0
2020-03-03,21900912,1610612760,1610612746,2019,0
2020-03-03,21900913,1610612743,1610612744,2019,0
2020-03-03,21900914,1610612756,1610612761,2019,0
2020-03-03,21900915,1610612747,1610612755,2019,1
2020-03-03,21900916,1610612758,1610612764,2019,1
2020-03-02,21900902,1610612739,1610612762,2019,0
2020-03-02,21900903,1610612752,1610612745,2019,1
2020-03-02,21900904,1610612753,1610612757,2019,0
2020-03-02,21900905,1610612737,1610612763,2019,0
2020-03-02,21900906,1610612748,1610612749,2019,1
2020-03-02,21900907,1610612741,1610612742,2019,1
2020-03-02,21900908,1610612759,1610612754,2019,0
2020-03-01,21900895,1610612766,1610612749,2019,0
2020-03-01,21900896,1610612750,1610612742,2019,0
2020-03-01,21900897,1610612746,1610612755,2019,1
2020-03-01,21900898,1610612743,1610612761,2019,1
2020-03-01,21900899,1610612758,1610612765,2019,1
2020-03-01,21900900,1610612740,1610612747,2019,0
2020-03-01,21900901,1610612744,1610612764,2019,0
2020-02-29,21900887,1610612752,1610612741,2019,1
2020-02-29,21900888,1610612737,1610612757,2019,1
2020-02-29,21900889,1610612748,1610612751,2019,1
2020-02-29,21900890,1610612739,1610612754,2019,0
2020-02-29,21900891,1610612763,1610612747,2019,1
2020-02-29,21900892,1610612738,1610612745,2019,0
2020-02-29,21900893,1610612759,1610612753,2019,1
2020-02-29,21900894,1610612756,1610612744,2019,0
2020-02-28,21900877,1610612753,1610612750,2019,1
2020-02-28,21900878,1610612737,1610612751,2019,1
2020-02-28,21900879,1610612761,1610612766,2019,0
2020-02-28,21900880,1610612748,1610612742,2019,1
2020-02-28,21900881,1610612763,1610612758,2019,0
2020-02-28,21900882,1610612749,1610612760,2019,1
2020-02-28,21900883,1610612740,1610612739,2019,1
2020-02-28,21900884,1610612756,1610612765,2019,0
2020-02-28,21900885,1610612762,1610612764,2019,1
2020-02-28,21900886,1610612746,1610612743,2019,1
2020-02-27,21900873,1610612755,1610612752,2019,1
2020-02-27,21900874,1610612754,1610612757,2019,1
2020-02-27,21900875,1610612760,1610612758,2019,1
2020-02-27,21900876,1610612744,1610612747,2019,0
2020-02-26,21900864,1610612766,1610612752,2019,1
2020-02-26,21900865,1610612739,1610612755,2019,1
2020-02-26,21900866,1610612764,1610612751,2019,1
2020-02-26,21900867,1610612737,1610612753,2019,0
2020-02-26,21900868,1610612748,1610612750,2019,0
2020-02-26,21900870,1610612745,1610612763,2019,1
2020-02-26,21900869,1610612759,1610612742,2019,0
2020-02-26,21900871,1610612756,1610612746,2019,0
2020-02-26,21900872,1610612762,1610612738,2019,0
2020-02-25,21900857,1610612754,1610612766,2019,1
2020-02-25,21900858,1610612761,1610612749,2019,0
2020-02-25,21900859,1610612741,1610612760,2019,0
2020-02-25,21900860,1610612743,1610612765,2019,1
2020-02-25,21900861,1610612747,1610612740,2019,1
2020-02-25,21900862,1610612757,1610612738,2019,0
2020-02-25,21900863,1610612744,1610612758,2019,0
2020-02-24,21900849,1610612739,1610612748,2019,1
2020-02-24,21900850,1610612755,1610612737,2019,1
2020-02-24,21900851,1610612764,1610612749,2019,0
2020-02-24,21900852,1610612751,1610612753,2019,0
2020-02-24,21900853,1610612745,1610612752,2019,1
2020-02-24,21900854,1610612742,1610612750,2019,1
2020-02-24,21900855,1610612762,1610612756,2019,0
2020-02-24,21900856,1610612746,1610612763,2019,1
2020-02-23,21900842,1610612747,1610612738,2019,1
2020-02-23,21900843,1610612761,1610612754,2019,1
2020-02-23,21900844,1610612743,1610612750,2019,1
2020-02-23,21900845,1610612741,1610612764,2019,1
2020-02-23,21900846,1610612760,1610612759,2019,1
2020-02-23,21900847,1610612744,1610612740,2019,0
2020-02-23,21900848,1610612757,1610612765,2019,1
2020-02-22,21900835,1610612746,1610612758,2019,0
2020-02-22,21900836,1610612766,1610612751,2019,0
2020-02-22,21900837,1610612737,1610612742,2019,1
2020-02-22,21900838,1610612748,1610612739,2019,1
2020-02-22,21900839,1610612741,1610612756,2019,0
2020-02-22,21900840,1610612749,1610612755,2019,1
2020-02-22,21900841,1610612762,1610612745,2019,0
2020-02-21,21900826,1610612753,1610612742,2019,0
2020-02-21,21900827,1610612764,1610612739,2019,0
2020-02-21,21900828,1610612752,1610612754,2019,0
2020-02-21,21900829,1610612761,1610612756,2019,1
2020-02-21,21900830,1610612750,1610612738,2019,0
2020-02-21,21900831,1610612760,1610612743,2019,1
2020-02-21,21900832,1610612762,1610612759,2019,0
2020-02-21,21900833,1610612747,1610612763,2019,1
2020-02-21,21900834,1610612757,1610612740,2019,0
2020-02-20,21900820,1610612765,1610612749,2019,0
2020-02-20,21900821,1610612737,1610612748,2019,1
2020-02-20,21900822,1610612755,1610612751,2019,1
2020-02-20,21900823,1610612741,1610612766,2019,0
2020-02-20,21900824,1610612758,1610612763,2019,1
2020-02-20,21900825,1610612744,1610612745,2019,0
2020-02-13,21900818,1610612738,1610612746,2019,1
2020-02-13,21900819,1610612740,1610612760,2019,0
2020-02-12,21900807,1610612739,1610612737,2019,1
2020-02-12,21900808,1610612753,1610612765,2019,1
2020-02-12,21900809,1610612751,1610612761,2019,1
2020-02-12,21900810,1610612754,1610612749,2019,1
2020-02-12,21900811,1610612752,1610612764,2019,0
2020-02-12,21900812,1610612763,1610612757,2019,1
2020-02-12,21900813,1610612750,1610612766,2019,0
2020-02-12,21900814,1610612742,1610612758,2019,1
2020-02-12,21900815,1610612756,1610612744,2019,1
2020-02-12,21900816,1610612762,1610612748,2019,1
2020-02-12,21900817,1610612743,1610612747,2019,0
2020-02-11,21900802,1610612755,1610612746,2019,1
2020-02-11,21900803,1610612764,1610612741,2019,1
2020-02-11,21900804,1610612740,1610612757,2019,1
2020-02-11,21900805,1610612760,1610612759,2019,0
2020-02-11,21900806,1610612745,1610612738,2019,1
2020-02-10,21900793,1610612765,1610612766,2019,0
2020-02-10,21900794,1610612754,1610612751,2019,0
2020-02-10,21900795,1610612753,1610612737,2019,1
2020-02-10,21900796,1610612761,1610612750,2019,1
2020-02-10,21900797,1610612749,1610612758,2019,1
2020-02-10,21900798,1610612742,1610612762,2019,0
2020-02-10,21900799,1610612743,1610612759,2019,1
2020-02-10,21900800,1610612744,1610612748,2019,0
2020-02-10,21900801,1610612747,1610612756,2019,1
2020-02-09,21900786,1610612760,1610612738,2019,0
2020-02-09,21900787,1610612737,1610612752,2019,1
2020-02-09,21900788,1610612755,1610612741,2019,1
2020-02-09,21900789,1610612764,1610612763,2019,0
2020-02-09,21900790,1610612745,1610612762,2019,0
2020-02-09,21900791,1610612739,1610612746,2019,0
2020-02-09,21900792,1610612757,1610612748,2019,1
2020-02-08,21900777,1610612753,1610612749,2019,0
2020-02-08,21900778,1610612766,1610612742,2019,0
2020-02-08,21900779,1610612765,1610612752,2019,0
2020-02-08,21900780,1610612754,1610612740,2019,0
2020-02-08,21900781,1610612761,1610612751,2019,1
2020-02-08,21900782,1610612750,1610612746,2019,1
2020-02-08,21900783,1610612744,1610612747,2019,0
2020-02-08,21900784,1610612756,1610612743,2019,0
2020-02-08,21900785,1610612758,1610612759,2019,1
2020-02-07,21900769,1610612755,1610612763,2019,1
2020-02-07,21900770,1610612764,1610612742,2019,1
2020-02-07,21900771,1610612738,1610612737,2019,1
2020-02-07,21900772,1610612754,1610612761,2019,0
2020-02-07,21900773,1610612760,1610612765,2019,1
2020-02-07,21900774,1610612756,1610612745,2019,1
2020-02-07,21900775,1610612758,1610612748,2019,1
2020-02-07,21900776,1610612762,1610612757,2019,1
2020-02-06,21900764,1610612752,1610612753,2019,1
2020-02-06,21900765,1610612741,1610612740,2019,0
2020-02-06,21900766,1610612749,1610612755,2019,1
2020-02-06,21900767,1610612757,1610612759,2019,1
2020-02-06,21900768,1610612747,1610612745,2019,0
2020-02-05,21900755,1610612765,1610612756,2019,1
2020-02-05,21900756,1610612738,1610612753,2019,1
2020-02-05,21900757,1610612751,1610612744,2019,1
2020-02-05,21900758,1610612761,1610612754,2019,1
2020-02-05,21900759,1610612750,1610612737,2019,0
2020-02-05,21900760,1610612760,1610612739,2019,1
2020-02-05,21900761,1610612742,1610612763,2019,0
2020-02-05,21900762,1610612762,1610612743,2019,0
2020-02-05,21900763,1610612746,1610612748,2019,1
2020-02-04,21900751,1610612740,1610612749,2019,0
2020-02-04,21900752,1610612745,1610612766,2019,1
2020-02-04,21900753,1610612743,1610612757,2019,1
2020-02-04,21900754,1610612747,1610612759,2019,1
2020-02-03,21900741,1610612766,1610612753,2019,0
2020-02-03,21900742,1610612739,1610612752,2019,0
2020-02-03,21900743,1610612754,1610612742,2019,0
2020-02-03,21900744,1610612764,1610612744,2019,0
2020-02-03,21900745,1610612737,1610612738,2019,0
2020-02-03,21900746,1610612751,1610612756,2019,1
2020-02-03,21900747,1610612748,1610612755,2019,1
2020-02-03,21900748,1610612763,1610612765,2019,1
2020-02-03,21900749,1610612758,1610612750,2019,1
2020-02-03,21900750,1610612746,1610612759,2019,1
2020-02-02,21900737,1610612765,1610612743,2019,1
2020-02-02,21900738,1610612745,1610612740,2019,1
2020-02-02,21900739,1610612749,1610612756,2019,1
2020-02-02,21900740,1610612761,1610612741,2019,1
2020-02-01,21900727,1610612746,1610612750,2019,1
2020-02-01,21900728,1610612754,1610612752,2019,0
2020-02-01,21900729,1610612753,1610612748,2019,0
2020-02-01,21900730,1610612739,1610612744,2019,0
2020-02-01,21900731,1610612764,1610612751,2019,1
2020-02-01,21900732,1610612738,1610612755,2019,1
2020-02-01,21900733,1610612742,1610612737,2019,1
2020-02-01,21900734,1610612759,1610612766,2019,1
2020-02-01,21900736,1610612758,1610612747,2019,0
2020-02-01,21900735,1610612757,1610612762,2019,1
2020-01-31,21900720,1610612765,1610612761,2019,0
2020-01-31,21900721,1610612751,1610612741,2019,1
2020-01-31,21900722,1610612745,1610612742,2019,1
2020-01-31,21900723,1610612740,1610612763,2019,1
2020-01-31,21900724,1610612749,1610612743,2019,0
2020-01-31,21900725,1610612756,1610612760,2019,0
2020-01-31,21900726,1610612747,1610612757,2019,0
2020-01-30,21900714,1610612739,1610612761,2019,0
2020-01-30,21900715,1610612764,1610612766,2019,1
2020-01-30,21900716,1610612737,1610612755,2019,1
2020-01-30,21900717,1610612738,1610612744,2019,1
2020-01-30,21900718,1610612743,1610612762,2019,1
2020-01-30,21900719,1610612746,1610612758,2019,0
2020-01-29,21900708,1610612754,1610612741,2019,1
2020-01-29,21900709,1610612751,1610612765,2019,1
2020-01-29,21900710,1610612752,1610612763,2019,0
2020-01-29,21900711,1610612759,1610612762,2019,1
2020-01-29,21900712,1610612757,1610612745,2019,1
2020-01-29,21900713,1610612758,1610612760,2019,0
2020-01-28,21900699,1610612766,1610612752,2019,1
2020-01-28,21900702,1610612755,1610612744,2019,1
2020-01-28,21900700,1610612739,1610612740,2019,0
2020-01-28,21900703,1610612761,1610612737,2019,1
2020-01-28,21900701,1610612748,1610612738,2019,0
2020-01-28,21900704,1610612763,1610612743,2019,1
2020-01-28,21900705,1610612749,1610612764,2019,1
2020-01-28,21900706,1610612742,1610612756,2019,0
2020-01-27,21900693,1610612765,1610612739,2019,0
2020-01-27,21900694,1610612748,1610612753,2019,1
2020-01-27,21900695,1610612741,1610612759,2019,1
2020-01-27,21900696,1610612750,1610612758,2019,0
2020-01-27,21900697,1610612760,1610612742,2019,0
2020-01-27,21900698,1610612762,1610612745,2019,0
2020-01-26,21900685,1610612743,1610612745,2019,1
2020-01-26,21900686,1610612759,1610612761,2019,0
2020-01-26,21900687,1610612737,1610612764,2019,1
2020-01-26,21900688,1610612752,1610612751,2019,1
2020-01-26,21900689,1610612753,1610612746,2019,0
2020-01-26,21900690,1610612763,1610612756,2019,1
2020-01-26,21900691,1610612740,1610612738,2019,1
2020-01-26,21900692,1610612757,1610612754,2019,1
2020-01-25,21900680,1610612762,1610612742,2019,1
2020-01-25,21900681,1610612765,1610612751,2019,0
2020-01-25,21900682,1610612739,1610612741,2019,0
2020-01-25,21900683,1610612750,1610612760,2019,0
2020-01-25,21900684,1610612755,1610612747,2019,1
2020-01-24,21900669,1610612766,1610612749,2019,0
2020-01-24,21900670,1610612765,1610612763,2019,0
2020-01-24,21900671,1610612753,1610612738,2019,0
2020-01-24,21900672,1610612752,1610612761,2019,0
2020-01-24,21900673,1610612748,1610612746,2019,0
2020-01-24,21900674,1610612741,1610612758,2019,0
2020-01-24,21900675,1610612750,1610612745,2019,0
2020-01-24,21900676,1610612740,1610612743,2019,0
2020-01-24,21900677,1610612760,1610612737,2019,1
2020-01-24,21900678,1610612759,1610612756,2019,0
2020-01-24,21900679,1610612744,1610612754,2019,0
2020-01-23,21900666,1610612739,1610612764,2019,0
2020-01-23,21900667,1610612751,1610612747,2019,0
2020-01-23,21900668,1610612757,1610612742,2019,0
2020-01-22,21900654,1610612765,1610612758,2019,1
2020-01-22,21900655,1610612753,1610612760,2019,0
2020-01-22,21900660,1610612761,1610612755,2019,1
2020-01-22,21900656,1610612737,1610612746,2019,1
2020-01-22,21900657,1610612738,1610612763,2019,1
2020-01-22,21900658,1610612748,1610612764,2019,1
2020-01-22,21900659,1610612752,1610612747,2019,0
2020-01-22,21900661,1610612741,1610612750,2019,1
2020-01-22,21900662,1610612745,1610612743,2019,1
2020-01-22,21900664,1610612756,1610612754,2019,0
2020-01-22,21900663,1610612740,1610612759,2019,0
2020-01-22,21900665,1610612744,1610612762,2019,0
2020-01-21,21900653,1610612742,1610612746,2019,0
2020-01-20,21900639,1610612764,1610612765,2019,1
2020-01-20,21900640,1610612737,1610612761,2019,0
2020-01-20,21900641,1610612751,1610612755,2019,0
2020-01-20,21900642,1610612766,1610612753,2019,0
2020-01-20,21900643,1610612739,1610612752,2019,0
2020-01-20,21900644,1610612748,1610612758,2019,1
2020-01-20,21900645,1610612745,1610612760,2019,0
2020-01-20,21900646,1610612763,1610612740,2019,0
2020-01-20,21900647,1610612749,1610612741,2019,1
2020-01-20,21900648,1610612738,1610612747,2019,1
2020-01-20,21900649,1610612750,1610612743,2019,0
2020-01-20,21900650,1610612756,1610612759,2019,0
2020-01-20,21900651,1610612762,1610612754,2019,1
2020-01-20,21900652,1610612757,1610612744,2019,1
2020-01-19,21900637,1610612759,1610612748,2019,1
2020-01-19,21900638,1610612743,1610612754,2019,0
2020-01-18,21900626,1610612740,1610612746,2019,0
2020-01-18,21900627,1610612751,1610612749,2019,0
2020-01-18,21900628,1610612738,1610612756,2019,0
2020-01-18,21900629,1610612737,1610612765,2019,0
2020-01-18,21900630,1610612752,1610612755,2019,0
2020-01-18,21900631,1610612741,1610612739,2019,1
2020-01-18,21900632,1610612750,1610612761,2019,0
2020-01-18,21900633,1610612745,1610612747,2019,0
2020-01-18,21900634,1610612744,1610612753,2019,1
2020-01-18,21900635,1610612760,1610612757,2019,1
2020-01-18,21900636,1610612762,1610612758,2019,1
2020-01-17,21900619,1610612754,1610612750,2019,1
2020-01-17,21900620,1610612755,1610612741,2019,1
2020-01-17,21900621,1610612761,1610612764,2019,1
2020-01-17,21900622,1610612763,1610612739,2019,1
2020-01-17,21900623,1610612760,1610612748,2019,0
2020-01-17,21900624,1610612759,1610612737,2019,0
2020-01-17,21900625,1610612742,1610612757,2019,1
2020-01-16,21900614,1610612752,1610612756,2019,0
2020-01-16,21900615,1610612749,1610612738,2019,1
2020-01-16,21900616,1610612740,1610612762,2019,1
2020-01-16,21900617,1610612744,1610612743,2019,0
2020-01-16,21900618,1610612746,1610612753,2019,1
2020-01-15,21900604,1610612738,1610612765,2019,0
2020-01-15,21900605,1610612755,1610612751,2019,1
2020-01-15,21900606,1610612748,1610612759,2019,1
2020-01-15,21900607,1610612741,1610612764,2019,1
2020-01-15,21900608,1610612750,1610612754,2019,0
2020-01-15,21900609,1610612760,1610612761,2019,0
2020-01-15,21900610,1610612743,1610612766,2019,1
2020-01-15,21900611,1610612745,1610612757,2019,0
2020-01-15,21900612,1610612758,1610612742,2019,0
2020-01-15,21900613,1610612747,1610612753,2019,0
2020-01-14,21900598,1610612737,1610612756,2019,1
2020-01-14,21900599,1610612751,1610612762,2019,0
2020-01-14,21900600,1610612763,1610612745,2019,1
2020-01-14,21900601,1610612749,1610612752,2019,1
2020-01-14,21900602,1610612744,1610612742,2019,0
2020-01-14,21900603,1610612746,1610612739,2019,1
2020-01-13,21900591,1610612765,1610612740,2019,0
2020-01-13,21900592,1610612754,1610612755,2019,1
2020-01-13,21900593,1610612738,1610612741,2019,1
2020-01-13,21900594,1610612750,1610612760,2019,0
2020-01-13,21900595,1610612757,1610612766,2019,1
2020-01-13,21900596,1610612758,1610612753,2019,0
2020-01-13,21900597,1610612747,1610612739,2019,1
2020-01-12,21900584,1610612752,1610612748,2019,1
2020-01-12,21900585,1610612764,1610612762,2019,0
2020-01-12,21900586,1610612751,1610612737,2019,1
2020-01-12,21900587,1610612761,1610612759,2019,0
2020-01-12,21900588,1610612763,1610612744,2019,1
2020-01-12,21900589,1610612743,1610612746,2019,1
2020-01-12,21900590,1610612756,1610612766,2019,1
2020-01-11,21900577,1610612745,1610612750,2019,1
2020-01-11,21900578,1610612738,1610612740,2019,1
2020-01-11,21900579,1610612765,1610612741,2019,0
2020-01-11,21900580,1610612760,1610612747,2019,0
2020-01-11,21900581,1610612742,1610612755,2019,1
2020-01-11,21900582,1610612743,1610612739,2019,0
2020-01-11,21900583,1610612757,1610612749,2019,0
2020-01-10,21900567,1610612764,1610612737,2019,1
2020-01-10,21900569,1610612752,1610612740,2019,0
2020-01-10,21900568,1610612751,1610612748,2019,1
2020-01-10,21900570,1610612741,1610612754,2019,0
2020-01-10,21900571,1610612763,1610612759,2019,1
2020-01-10,21900573,1610612756,1610612753,2019,1
2020-01-10,21900574,1610612762,1610612766,2019,1
2020-01-10,21900572,1610612742,1610612747,2019,0
2020-01-10,21900575,1610612758,1610612749,2019,0
2020-01-10,21900576,1610612746,1610612744,2019,1
2020-01-09,21900563,1610612765,1610612739,2019,0
2020-01-09,21900564,1610612755,1610612738,2019,1
2020-01-09,21900565,1610612750,1610612757,2019,1
2020-01-09,21900566,1610612760,1610612745,2019,1
2020-01-08,21900554,1610612738,1610612759,2019,0
2020-01-08,21900555,1610612766,1610612761,2019,0
2020-01-08,21900556,1610612754,1610612748,2019,0
2020-01-08,21900557,1610612753,1610612764,2019,1
2020-01-08,21900558,1610612737,1610612745,2019,0
2020-01-08,21900559,1610612742,1610612743,2019,0
2020-01-08,21900560,1610612740,1610612741,2019,1
2020-01-08,21900561,1610612762,1610612752,2019,1
2020-01-08,21900562,1610612744,1610612749,2019,0
2020-01-07,21900548,1610612739,1610612765,2019,0
2020-01-07,21900549,1610612761,1610612757,2019,0
2020-01-07,21900550,1610612751,1610612760,2019,0
2020-01-07,21900551,1610612763,1610612750,2019,1
2020-01-07,21900552,1610612756,1610612758,2019,0
2020-01-07,21900553,1610612747,1610612752,2019,1
2020-01-06,21900539,1610612766,1610612754,2019,0
2020-01-06,21900540,1610612753,1610612751,2019,1
2020-01-06,21900541,1610612755,1610612760,2019,1
2020-01-06,21900542,1610612764,1610612738,2019,1
2020-01-06,21900543,1610612737,1610612743,2019,0
2020-01-06,21900544,1610612740,1610612762,2019,0
2020-01-06,21900545,1610612742,1610612741,2019,1
2020-01-06,21900546,1610612759,1610612749,2019,1
2020-01-06,21900547,1610612758,1610612744,2019,1
2020-01-05,21900534,1610612746,1610612752,2019,1
2020-01-05,21900535,1610612748,1610612757,2019,1
2020-01-05,21900536,1610612739,1610612750,2019,0
2020-01-05,21900537,1610612756,1610612763,2019,0
2020-01-05,21900538,1610612747,1610612765,2019,1
2020-01-04,21900523,1610612746,1610612763,2019,0
2020-01-04,21900524,1610612751,1610612761,2019,0
2020-01-04,21900525,1610612753,1610612762,2019,0
2020-01-04,21900526,1610612737,1610612754,2019,1
2020-01-04,21900527,1610612739,1610612760,2019,0
2020-01-04,21900528,1610612764,1610612743,2019,1
2020-01-04,21900529,1610612741,1610612738,2019,0
2020-01-04,21900530,1610612742,1610612766,2019,0
2020-01-04,21900531,1610612749,1610612759,2019,1
2020-01-04,21900532,1610612744,1610612765,2019,0
2020-01-04,21900533,1610612758,1610612740,2019,0
2020-01-03,21900517,1610612738,1610612737,2019,1
2020-01-03,21900518,1610612753,1610612748,2019,1
2020-01-03,21900519,1610612764,1610612757,2019,0
2020-01-03,21900520,1610612745,1610612755,2019,1
2020-01-03,21900521,1610612756,1610612752,2019,1
2020-01-03,21900522,1610612747,1610612740,2019,1
2020-01-02,21900508,1610612739,1610612766,2019,0
2020-01-02,21900509,1610612754,1610612743,2019,0
2020-01-02,21900510,1610612748,1610612761,2019,1
2020-01-02,21900511,1610612741,1610612762,2019,0
2020-01-02,21900512,1610612750,1610612744,2019,1
2020-01-02,21900513,1610612742,1610612751,2019,1
2020-01-02,21900514,1610612759,1610612760,2019,0
2020-01-02,21900515,1610612758,1610612763,2019,1
2020-01-02,21900516,1610612746,1610612765,2019,1
2020-01-01,21900504,1610612764,1610612753,2019,0
2020-01-01,21900505,1610612752,1610612757,2019,1
2020-01-01,21900506,1610612749,1610612750,2019,1
2020-01-01,21900507,1610612747,1610612756,2019,1
2019-12-31,21900497,1610612766,1610612738,2019,0
2019-12-31,21900498,1610612754,1610612755,2019,1
2019-12-31,21900499,1610612758,1610612746,2019,0
2019-12-31,21900500,1610612761,1610612739,2019,1
2019-12-31,21900501,1610612745,1610612743,2019,1
2019-12-31,21900502,1610612759,1610612744,2019,1
2019-12-31,21900503,1610612760,1610612742,2019,1
2019-12-30,21900491,1610612753,1610612737,2019,0
2019-12-30,21900492,1610612764,1610612748,2019,1
2019-12-30,21900493,1610612741,1610612749,2019,0
2019-12-30,21900494,1610612750,1610612751,2019,1
2019-12-30,21900495,1610612762,1610612765,2019,1
2019-12-30,21900496,1610612757,1610612756,2019,0
2019-12-29,21900486,1610612761,1610612760,2019,0
2019-12-29,21900487,1610612763,1610612766,2019,1
2019-12-29,21900488,1610612740,1610612745,2019,1
2019-12-29,21900489,1610612743,1610612758,2019,1
2019-12-29,21900490,1610612747,1610612742,2019,1
2019-12-28,21900472,1610612743,1610612763,2019,1
2019-12-28,21900473,1610612738,1610612761,2019,0
2019-12-28,21900474,1610612740,1610612754,2019,1
2019-12-28,21900475,1610612748,1610612755,2019,1
2019-12-28,21900476,1610612764,1610612752,2019,0
2019-12-28,21900477,1610612741,1610612737,2019,1
2019-12-28,21900478,1610612745,1610612751,2019,1
2019-12-28,21900479,1610612750,1610612739,2019,0
2019-12-28,21900480,1610612749,1610612753,2019,1
2019-12-28,21900481,1610612759,1610612765,2019,1
2019-12-28,21900482,1610612744,1610612742,2019,0
2019-12-28,21900483,1610612758,1610612756,2019,0
2019-12-28,21900484,1610612757,1610612747,2019,0
2019-12-28,21900485,1610612746,1610612762,2019,0
2019-12-27,21900466,1610612738,1610612739,2019,1
2019-12-27,21900467,1610612766,1610612760,2019,0
2019-12-27,21900468,1610612753,1610612755,2019,1
2019-12-27,21900469,1610612737,1610612749,2019,0
2019-12-27,21900470,1610612748,1610612754,2019,1
2019-12-27,21900471,1610612744,1610612756,2019,1
2019-12-26,21900460,1610612765,1610612764,2019,1
2019-12-26,21900461,1610612751,1610612752,2019,0
2019-12-26,21900462,1610612760,1610612763,2019,0
2019-12-26,21900463,1610612742,1610612759,2019,1
2019-12-26,21900464,1610612758,1610612750,2019,0
2019-12-26,21900465,1610612762,1610612757,2019,1
2019-12-25,21900455,1610612761,1610612738,2019,0
2019-12-25,21900456,1610612755,1610612749,2019,1
2019-12-25,21900457,1610612744,1610612745,2019,1
2019-12-25,21900458,1610612747,1610612746,2019,0
2019-12-25,21900459,1610612743,1610612740,2019,0
2019-12-23,21900444,1610612739,1610612737,2019,1
2019-12-23,21900445,1610612765,1610612755,2019,0
2019-12-23,21900446,1610612754,1610612761,2019,1
2019-12-23,21900447,1610612752,1610612764,2019,0
2019-12-23,21900448,1610612753,1610612741,2019,1
2019-12-23,21900449,1610612748,1610612762,2019,1
2019-12-23,21900450,1610612763,1610612759,2019,0
2019-12-23,21900451,1610612756,1610612743,2019,0
2019-12-23,21900452,1610612757,1610612740,2019,0
2019-12-23,21900453,1610612758,1610612745,2019,0
2019-12-23,21900454,1610612744,1610612750,2019,1
2019-12-22,21900439,1610612761,1610612742,2019,1
2019-12-22,21900440,1610612738,1610612766,2019,1
2019-12-22,21900441,1610612749,1610612754,2019,1
2019-12-22,21900442,1610612760,1610612746,2019,1
2019-12-22,21900443,1610612747,1610612743,2019,0
2019-12-21,21900430,1610612766,1610612762,2019,0
2019-12-21,21900431,1610612751,1610612737,2019,1
2019-12-21,21900432,1610612765,1610612741,2019,0
2019-12-21,21900433,1610612755,1610612764,2019,1
2019-12-21,21900434,1610612752,1610612749,2019,0
2019-12-21,21900435,1610612763,1610612758,2019,1
2019-12-21,21900436,1610612759,1610612746,2019,0
2019-12-21,21900437,1610612756,1610612745,2019,0
2019-12-21,21900438,1610612757,1610612750,2019,1
2019-12-20,21900420,1610612739,1610612763,2019,1
2019-12-20,21900421,1610612754,1610612758,2019,1
2019-12-20,21900422,1610612738,1610612765,2019,1
2019-12-20,21900423,1610612761,1610612764,2019,1
2019-12-20,21900424,1610612748,1610612752,2019,1
2019-12-20,21900425,1610612755,1610612742,2019,0
2019-12-20,21900426,1610612760,1610612756,2019,1
2019-12-20,21900427,1610612743,1610612750,2019,1
2019-12-20,21900428,1610612757,1610612753,2019,1
2019-12-20,21900429,1610612744,1610612740,2019,1
2019-12-19,21900416,1610612737,1610612762,2019,0
2019-12-19,21900417,1610612749,1610612747,2019,1
2019-12-19,21900418,1610612759,1610612751,2019,1
2019-12-19,21900419,1610612746,1610612745,2019,0
2019-12-18,21900407,1610612739,1610612766,2019,1
2019-12-18,21900408,1610612765,1610612761,2019,0
2019-12-18,21900409,1610612764,1610612741,2019,0
2019-12-18,21900410,1610612755,1610612748,2019,0
2019-12-18,21900411,1610612750,1610612740,2019,0
2019-12-18,21900412,1610612760,1610612763,2019,1
2019-12-18,21900414,1610612743,1610612753,2019,1
2019-12-18,21900413,1610612742,1610612738,2019,0
2019-12-18,21900415,1610612757,1610612744,2019,1
2019-12-17,21900401,1610612766,1610612758,2019,1
2019-12-17,21900402,1610612754,1610612747,2019,1
2019-12-17,21900403,1610612752,1610612737,2019,1
2019-12-17,21900404,1610612740,1610612751,2019,0
2019-12-17,21900405,1610612762,1610612753,2019,1
2019-12-17,21900406,1610612746,1610612756,2019,1
2019-12-16,21900394,1610612765,1610612764,2019,0
2019-12-16,21900395,1610612761,1610612739,2019,1
2019-12-16,21900396,1610612745,1610612759,2019,1
2019-12-16,21900397,1610612763,1610612748,2019,1
2019-12-16,21900398,1610612749,1610612742,2019,0
2019-12-16,21900399,1610612760,1610612741,2019,1
2019-12-16,21900400,1610612756,1610612757,2019,0
2019-12-15,21900388,1610612740,1610612753,2019,0
2019-12-15,21900389,1610612754,1610612766,2019,1
2019-12-15,21900390,1610612737,1610612747,2019,0
2019-12-15,21900391,1610612751,1610612755,2019,1
2019-12-15,21900392,1610612743,1610612752,2019,1
2019-12-15,21900393,1610612744,1610612758,2019,0
2019-12-14,21900380,1610612756,1610612759,2019,0
2019-12-14,21900381,1610612761,1610612751,2019,1
2019-12-14,21900382,1610612741,1610612746,2019,1
2019-12-14,21900383,1610612763,1610612764,2019,1
2019-12-14,21900384,1610612742,1610612748,2019,0
2019-12-14,21900385,1610612749,1610612739,2019,1
2019-12-14,21900386,1610612745,1610612765,2019,0
2019-12-14,21900387,1610612743,1610612760,2019,1
2019-12-13,21900371,1610612753,1610612745,2019,0
2019-12-13,21900372,1610612755,1610612740,2019,1
2019-12-13,21900374,1610612748,1610612747,2019,0
2019-12-13,21900373,1610612737,1610612754,2019,0
2019-12-13,21900375,1610612741,1610612766,2019,0
2019-12-13,21900376,1610612763,1610612749,2019,0
2019-12-13,21900379,1610612762,1610612744,2019,1
2019-12-13,21900377,1610612750,1610612746,2019,0
2019-12-13,21900378,1610612758,1610612752,2019,0
2019-12-12,21900367,1610612738,1610612755,2019,0
2019-12-12,21900368,1610612759,1610612739,2019,0
2019-12-12,21900369,1610612765,1610612742,2019,0
2019-12-12,21900370,1610612743,1610612757,2019,1
2019-12-11,21900356,1610612739,1610612745,2019,0
2019-12-11,21900357,1610612754,1610612738,2019,1
2019-12-11,21900358,1610612753,1610612747,2019,0
2019-12-11,21900359,1610612761,1610612746,2019,0
2019-12-11,21900360,1610612751,1610612766,2019,0
2019-12-11,21900361,1610612741,1610612737,2019,1
2019-12-11,21900362,1610612750,1610612762,2019,0
2019-12-11,21900363,1610612756,1610612763,2019,0
2019-12-11,21900364,1610612749,1610612740,2019,1
2019-12-11,21900365,1610612758,1610612760,2019,1
2019-12-11,21900366,1610612744,1610612752,2019,0
2019-12-10,21900352,1610612766,1610612764,2019,1
2019-12-10,21900353,1610612755,1610612743,2019,1
2019-12-10,21900354,1610612748,1610612737,2019,1
2019-12-10,21900355,1610612757,1610612752,2019,1
2019-12-09,21900343,1610612754,1610612746,2019,0
2019-12-09,21900344,1610612738,1610612739,2019,1
2019-12-09,21900345,1610612741,1610612761,2019,0
2019-12-09,21900346,1610612745,1610612758,2019,0
2019-12-09,21900347,1610612749,1610612753,2019,1
2019-12-09,21900348,1610612740,1610612765,2019,0
2019-12-09,21900349,1610612756,1610612750,2019,1
2019-12-09,21900350,1610612762,1610612760,2019,0
2019-12-09,21900351,1610612744,1610612763,2019,0
2019-12-08,21900335,1610612751,1610612743,2019,1
2019-12-08,21900336,1610612766,1610612737,2019,0
2019-12-08,21900337,1610612748,1610612741,2019,1
2019-12-08,21900338,1610612755,1610612761,2019,1
2019-12-08,21900339,1610612764,1610612746,2019,0
2019-12-08,21900340,1610612742,1610612758,2019,0
2019-12-08,21900341,1610612757,1610612760,2019,0
2019-12-08,21900342,1610612747,1610612750,2019,1
2019-12-07,21900330,1610612742,1610612740,2019,1
2019-12-07,21900331,1610612752,1610612754,2019,0
2019-12-07,21900332,1610612755,1610612739,2019,1
2019-12-07,21900333,1610612745,1610612756,2019,1
2019-12-07,21900334,1610612762,1610612763,2019,1
2019-12-06,21900320,1610612766,1610612751,2019,0
2019-12-06,21900321,1610612739,1610612753,2019,0
2019-12-06,21900322,1610612765,1610612754,2019,1
2019-12-06,21900323,1610612738,1610612743,2019,1
2019-12-06,21900324,1610612748,1610612764,2019,1
2019-12-06,21900325,1610612741,1610612744,2019,0
2019-12-06,21900326,1610612760,1610612750,2019,1
2019-12-06,21900327,1610612749,1610612746,2019,1
2019-12-06,21900328,1610612759,1610612758,2019,1
2019-12-06,21900329,1610612757,1610612747,2019,0
2019-12-05,21900316,1610612764,1610612755,2019,1
2019-12-05,21900317,1610612752,1610612743,2019,0
2019-12-05,21900318,1610612761,1610612745,2019,0
2019-12-05,21900319,1610612740,1610612756,2019,0
2019-12-04,21900306,1610612766,1610612744,2019,1
2019-12-04,21900307,1610612765,1610612749,2019,0
2019-12-04,21900308,1610612753,1610612756,2019,1
2019-12-04,21900309,1610612737,1610612751,2019,0
2019-12-04,21900310,1610612738,1610612748,2019,1
2019-12-04,21900311,1610612741,1610612763,2019,1
2019-12-04,21900312,1610612760,1610612754,2019,0
2019-12-04,21900313,1610612742,1610612750,2019,1
2019-12-04,21900314,1610612762,1610612747,2019,0
2019-12-04,21900315,1610612757,1610612758,2019,1
2019-12-03,21900299,1610612739,1610612765,2019,0
2019-12-03,21900300,1610612764,1610612753,2019,0
2019-12-03,21900301,1610612761,1610612748,2019,0
2019-12-03,21900302,1610612740,1610612742,2019,0
2019-12-03,21900303,1610612759,1610612745,2019,1
2019-12-03,21900304,1610612743,1610612747,2019,0
2019-12-03,21900305,1610612746,1610612757,2019,1
2019-12-02,21900293,1610612766,1610612756,2019,0
2019-12-02,21900294,1610612755,1610612762,2019,1
2019-12-02,21900295,1610612737,1610612744,2019,1
2019-12-02,21900296,1610612763,1610612754,2019,0
2019-12-02,21900297,1610612749,1610612752,2019,1
2019-12-02,21900298,1610612758,1610612741,2019,0
2019-12-01,21900284,1610612751,1610612748,2019,0
2019-12-01,21900285,1610612752,1610612738,2019,0
2019-12-01,21900286,1610612750,1610612763,2019,0
2019-12-01,21900287,1610612747,1610612742,2019,0
2019-12-01,21900288,1610612765,1610612759,2019,1
2019-12-01,21900289,1610612740,1610612760,2019,0
2019-12-01,21900290,1610612753,1610612744,2019,1
2019-12-01,21900291,1610612761,1610612762,2019,1
2019-12-01,21900292,1610612746,1610612764,2019,1
2019-11-30,21900280,1610612758,1610612743,2019,1
2019-11-30,21900281,1610612755,1610612754,2019,1
2019-11-30,21900282,1610612745,1610612737,2019,1
2019-11-30,21900283,1610612749,1610612766,2019,1
2019-11-29,21900267,1610612751,1610612738,2019,1
2019-11-29,21900268,1610612765,1610612766,2019,0
2019-11-29,21900269,1610612753,1610612761,2019,0
2019-11-29,21900270,1610612739,1610612749,2019,0
2019-11-29,21900271,1610612752,1610612755,2019,0
2019-11-29,21900272,1610612754,1610612737,2019,1
2019-11-29,21900273,1610612748,1610612744,2019,1
2019-11-29,21900274,1610612763,1610612762,2019,0
2019-11-29,21900275,1610612760,1610612740,2019,1
2019-11-29,21900276,1610612759,1610612746,2019,1
2019-11-29,21900277,1610612756,1610612742,2019,0
2019-11-29,21900278,1610612757,1610612741,2019,1
2019-11-29,21900279,1610612747,1610612764,2019,1
2019-11-27,21900253,1610612738,1610612751,2019,1
2019-11-27,21900254,1610612766,1610612765,2019,1
2019-11-27,21900255,1610612739,1610612753,2019,0
2019-11-27,21900256,1610612754,1610612762,2019,1
2019-11-27,21900257,1610612755,1610612758,2019,1
2019-11-27,21900258,1610612761,1610612752,2019,1
2019-11-27,21900259,1610612745,1610612748,2019,1
2019-11-27,21900260,1610612763,1610612746,2019,0
2019-11-27,21900261,1610612749,1610612737,2019,1
2019-11-27,21900262,1610612759,1610612750,2019,0
2019-11-27,21900263,1610612756,1610612764,2019,0
2019-11-27,21900264,1610612740,1610612747,2019,0
2019-11-27,21900265,1610612757,1610612760,2019,1
2019-11-27,21900266,1610612744,1610612741,2019,1
2019-11-26,21900251,1610612742,1610612746,2019,0
2019-11-26,21900252,1610612743,1610612764,2019,1
2019-11-25,21900240,1610612739,1610612751,2019,0
2019-11-25,21900241,1610612765,1610612753,2019,1
2019-11-25,21900242,1610612754,1610612763,2019,1
2019-11-25,21900243,1610612737,1610612750,2019,0
2019-11-25,21900244,1610612738,1610612758,2019,1
2019-11-25,21900245,1610612748,1610612766,2019,1
2019-11-25,21900246,1610612761,1610612755,2019,1
2019-11-25,21900247,1610612741,1610612757,2019,0
2019-11-25,21900248,1610612749,1610612762,2019,1
2019-11-25,21900249,1610612759,1610612747,2019,0
2019-11-25,21900250,1610612744,1610612760,2019,0
2019-11-24,21900235,1610612745,1610612742,2019,0
2019-11-24,21900236,1610612752,1610612751,2019,0
2019-11-24,21900237,1610612764,1610612758,2019,0
2019-11-24,21900238,1610612743,1610612756,2019,1
2019-11-24,21900239,1610612746,1610612740,2019,1
2019-11-23,21900225,1610612750,1610612756,2019,0
2019-11-23,21900226,1610612766,1610612741,2019,0
2019-11-23,21900227,1610612754,1610612753,2019,1
2019-11-23,21900228,1610612737,1610612761,2019,0
2019-11-23,21900229,1610612752,1610612759,2019,0
2019-11-23,21900230,1610612755,1610612748,2019,1
2019-11-23,21900231,1610612739,1610612757,2019,1
2019-11-23,21900232,1610612763,1610612747,2019,0
2019-11-23,21900233,1610612749,1610612765,2019,1
2019-11-23,21900234,1610612762,1610612740,2019,1
2019-11-22,21900215,1610612765,1610612737,2019,1
2019-11-22,21900216,1610612764,1610612766,2019,1
2019-11-22,21900217,1610612751,1610612758,2019,1
2019-11-22,21900218,1610612755,1610612759,2019,1
2019-11-22,21900219,1610612741,1610612748,2019,0
2019-11-22,21900220,1610612760,1610612747,2019,0
2019-11-22,21900221,1610612742,1610612739,2019,1
2019-11-22,21900222,1610612743,1610612738,2019,1
2019-11-22,21900223,1610612762,1610612744,2019,1
2019-11-22,21900224,1610612746,1610612745,2019,1
2019-11-21,21900213,1610612749,1610612757,2019,1
2019-11-21,21900214,1610612756,1610612740,2019,0
2019-11-20,21900202,1610612755,1610612752,2019,1
2019-11-20,21900203,1610612764,1610612759,2019,1
2019-11-20,21900204,1610612737,1610612749,2019,0
2019-11-20,21900205,1610612751,1610612766,2019,1
2019-11-20,21900206,1610612748,1610612739,2019,1
2019-11-20,21900207,1610612761,1610612753,2019,1
2019-11-20,21900208,1610612742,1610612744,2019,1
2019-11-20,21900209,1610612741,1610612765,2019,1
2019-11-20,21900210,1610612750,1610612762,2019,0
2019-11-20,21900211,1610612743,1610612745,2019,1
2019-11-20,21900212,1610612746,1610612738,2019,1
2019-11-19,21900198,1610612763,1610612744,2019,0
2019-11-19,21900199,1610612740,1610612757,2019,1
2019-11-19,21900200,1610612758,1610612756,2019,1
2019-11-19,21900201,1610612747,1610612760,2019,1
2019-11-18,21900189,1610612752,1610612739,2019,1
2019-11-18,21900190,1610612751,1610612754,2019,0
2019-11-18,21900191,1610612761,1610612766,2019,1
2019-11-18,21900192,1610612741,1610612749,2019,0
2019-11-18,21900193,1610612745,1610612757,2019,1
2019-11-18,21900194,1610612742,1610612759,2019,1
2019-11-18,21900195,1610612756,1610612738,2019,0
2019-11-18,21900196,1610612762,1610612750,2019,0
2019-11-18,21900197,1610612746,1610612760,2019,1
2019-11-17,21900183,1610612739,1610612755,2019,0
2019-11-17,21900184,1610612758,1610612738,2019,1
2019-11-17,21900185,1610612753,1610612764,2019,1
2019-11-17,21900186,1610612763,1610612743,2019,0
2019-11-17,21900187,1610612740,1610612744,2019,1
2019-11-17,21900188,1610612747,1610612737,2019,1
2019-11-16,21900175,1610612741,1610612751,2019,0
2019-11-16,21900176,1610612754,1610612749,2019,0
2019-11-16,21900177,1610612752,1610612766,2019,0
2019-11-16,21900178,1610612748,1610612740,2019,1
2019-11-16,21900179,1610612750,1610612745,2019,0
2019-11-16,21900180,1610612742,1610612761,2019,1
2019-11-16,21900181,1610612759,1610612757,2019,0
2019-11-16,21900182,1610612746,1610612737,2019,1
2019-11-15,21900167,1610612766,1610612765,2019,1
2019-11-15,21900168,1610612753,1610612759,2019,1
2019-11-15,21900169,1610612745,1610612754,2019,1
2019-11-15,21900170,1610612763,1610612762,2019,1
2019-11-15,21900171,1610612750,1610612764,2019,0
2019-11-15,21900172,1610612760,1610612755,2019,1
2019-11-15,21900173,1610612744,1610612738,2019,0
2019-11-15,21900174,1610612747,1610612758,2019,1
2019-11-14,21900161,1610612739,1610612748,2019,0
2019-11-14,21900162,1610612752,1610612742,2019,1
2019-11-14,21900163,1610612749,1610612741,2019,1
2019-11-14,21900164,1610612740,1610612746,2019,1
2019-11-14,21900165,1610612756,1610612737,2019,1
2019-11-14,21900166,1610612743,1610612751,2019,1
2019-11-13,21900154,1610612766,1610612763,2019,0
2019-11-13,21900155,1610612753,1610612755,2019,1
2019-11-13,21900156,1610612738,1610612764,2019,1
2019-11-13,21900157,1610612745,1610612746,2019,1
2019-11-13,21900158,1610612750,1610612759,2019,1
2019-11-13,21900159,1610612747,1610612744,2019,1
2019-11-13,21900160,1610612757,1610612761,2019,0
2019-11-12,21900146,1610612754,1610612760,2019,1
2019-11-12,21900147,1610612755,1610612739,2019,1
2019-11-12,21900148,1610612748,1610612765,2019,1
2019-11-12,21900149,1610612741,1610612752,2019,1
2019-11-12,21900150,1610612743,1610612737,2019,0
2019-11-12,21900151,1610612756,1610612747,2019,0
2019-11-12,21900152,1610612762,1610612751,2019,1
2019-11-12,21900153,1610612758,1610612757,2019,1
2019-11-11,21900140,1610612765,1610612750,2019,0
2019-11-11,21900141,1610612738,1610612742,2019,1
2019-11-11,21900143,1610612759,1610612763,2019,0
2019-11-11,21900142,1610612740,1610612745,2019,0
2019-11-11,21900144,1610612744,1610612762,2019,0
2019-11-11,21900145,1610612746,1610612761,2019,1
2019-11-10,21900132,1610612750,1610612743,2019,0
2019-11-10,21900133,1610612753,1610612754,2019,0
2019-11-10,21900134,1610612755,1610612766,2019,1
2019-11-10,21900135,1610612760,1610612749,2019,0
2019-11-10,21900136,1610612752,1610612739,2019,0
2019-11-10,21900137,1610612756,1610612751,2019,1
2019-11-10,21900138,1610612757,1610612737,2019,1
2019-11-10,21900139,1610612747,1610612761,2019,0
2019-11-09,21900127,1610612759,1610612738,2019,0
2019-11-09,21900128,1610612766,1610612740,2019,0
2019-11-09,21900129,1610612741,1610612745,2019,0
2019-11-09,21900130,1610612763,1610612742,2019,0
2019-11-09,21900131,1610612760,1610612744,2019,1
2019-11-08,21900116,1610612754,1610612765,2019,1
2019-11-08,21900117,1610612753,1610612763,2019,1
2019-11-08,21900118,1610612764,1610612739,2019,0
2019-11-08,21900119,1610612737,1610612758,2019,0
2019-11-08,21900120,1610612750,1610612744,2019,1
2019-11-08,21900121,1610612740,1610612761,2019,0
2019-11-08,21900122,1610612742,1610612752,2019,0
2019-11-08,21900123,1610612743,1610612755,2019,1
2019-11-08,21900124,1610612762,1610612749,2019,1
2019-11-08,21900125,1610612757,1610612751,2019,0
2019-11-08,21900126,1610612747,1610612748,2019,1
2019-11-07,21900112,1610612766,1610612738,2019,0
2019-11-07,21900113,1610612759,1610612760,2019,1
2019-11-07,21900114,1610612756,1610612748,2019,0
2019-11-07,21900115,1610612746,1610612757,2019,1
2019-11-06,21900103,1610612765,1610612752,2019,1
2019-11-06,21900104,1610612754,1610612764,2019,1
2019-11-06,21900105,1610612737,1610612741,2019,0
2019-11-06,21900106,1610612761,1610612758,2019,1
2019-11-06,21900107,1610612745,1610612744,2019,1
2019-11-06,21900108,1610612763,1610612750,2019,1
2019-11-06,21900109,1610612742,1610612753,2019,1
2019-11-06,21900110,1610612762,1610612755,2019,1
2019-11-06,21900111,1610612746,1610612749,2019,0
2019-11-05,21900097,1610612766,1610612754,2019,1
2019-11-05,21900098,1610612739,1610612738,2019,0
2019-11-05,21900099,1610612737,1610612759,2019,1
2019-11-05,21900100,1610612741,1610612747,2019,0
2019-11-05,21900101,1610612760,1610612753,2019,1
2019-11-05,21900102,1610612743,1610612748,2019,1
2019-11-04,21900091,1610612764,1610612765,2019,1
2019-11-04,21900092,1610612751,1610612740,2019,1
2019-11-04,21900093,1610612763,1610612745,2019,0
2019-11-04,21900094,1610612750,1610612749,2019,0
2019-11-04,21900095,1610612756,1610612755,2019,1
2019-11-04,21900096,1610612744,1610612757,2019,1
2019-11-03,21900085,1610612754,1610612741,2019,1
2019-11-03,21900086,1610612748,1610612745,2019,1
2019-11-03,21900087,1610612752,1610612758,2019,0
2019-11-03,21900088,1610612759,1610612747,2019,0
2019-11-03,21900089,1610612739,1610612742,2019,0
2019-11-03,21900090,1610612746,1610612762,2019,1
2019-11-02,21900077,1610612760,1610612740,2019,1
2019-11-02,21900078,1610612765,1610612751,2019,1
2019-11-02,21900079,1610612753,1610612743,2019,0
2019-11-02,21900080,1610612764,1610612750,2019,0
2019-11-02,21900081,1610612763,1610612756,2019,0
2019-11-02,21900082,1610612749,1610612761,2019,1
2019-11-02,21900083,1610612744,1610612766,2019,0
2019-11-02,21900084,1610612757,1610612755,2019,0
2019-11-01,21900069,1610612751,1610612745,2019,1
2019-11-01,21900070,1610612754,1610612739,2019,1
2019-11-01,21900071,1610612753,1610612749,2019,0
2019-11-01,21900072,1610612738,1610612752,2019,1
2019-11-01,21900073,1610612741,1610612765,2019,1
2019-11-01,21900074,1610612742,1610612747,2019,0
2019-11-01,21900075,1610612758,1610612762,2019,1
2019-11-01,21900076,1610612744,1610612759,2019,0
2019-10-31,21900066,1610612737,1610612748,2019,0
2019-10-31,21900067,1610612740,1610612743,2019,1
2019-10-31,21900068,1610612746,1610612759,2019,1
2019-10-30,21900055,1610612739,1610612741,2019,1
2019-10-30,21900056,1610612753,1610612752,2019,1
2019-10-30,21900057,1610612755,1610612750,2019,1
2019-10-30,21900058,1610612738,1610612749,2019,1
2019-10-30,21900059,1610612751,1610612754,2019,0
2019-10-30,21900060,1610612761,1610612765,2019,1
2019-10-30,21900061,1610612764,1610612745,2019,0
2019-10-30,21900062,1610612760,1610612757,2019,0
2019-10-30,21900063,1610612762,1610612746,2019,1
2019-10-30,21900064,1610612758,1610612766,2019,0
2019-10-30,21900065,1610612744,1610612756,2019,0
2019-10-29,21900052,1610612748,1610612737,2019,1
2019-10-29,21900053,1610612743,1610612742,2019,0
2019-10-29,21900054,1610612747,1610612763,2019,1
2019-10-28,21900041,1610612765,1610612754,2019,1
2019-10-28,21900042,1610612752,1610612741,2019,1
2019-10-28,21900043,1610612737,1610612755,2019,0
2019-10-28,21900044,1610612761,1610612753,2019,1
2019-10-28,21900045,1610612745,1610612760,2019,1
2019-10-28,21900046,1610612749,1610612739,2019,1
2019-10-28,21900047,1610612740,1610612744,2019,0
2019-10-28,21900048,1610612759,1610612757,2019,1
2019-10-28,21900049,1610612756,1610612762,2019,0
2019-10-28,21900050,1610612758,1610612743,2019,0
2019-10-28,21900051,1610612746,1610612766,2019,1
2019-10-27,21900036,1610612760,1610612744,2019,1
2019-10-27,21900037,1610612763,1610612751,2019,1
2019-10-27,21900038,1610612742,1610612757,2019,0
2019-10-27,21900039,1610612750,1610612748,2019,1
2019-10-27,21900040,1610612747,1610612766,2019,1
2019-10-26,21900026,1610612749,1610612748,2019,0
2019-10-26,21900027,1610612765,1610612755,2019,0
2019-10-26,21900028,1610612737,1610612753,2019,1
2019-10-26,21900029,1610612752,1610612738,2019,0
2019-10-26,21900030,1610612739,1610612754,2019,1
2019-10-26,21900031,1610612741,1610612761,2019,0
2019-10-26,21900032,1610612745,1610612740,2019,1
2019-10-26,21900033,1610612759,1610612764,2019,1
2019-10-26,21900034,1610612762,1610612758,2019,1
2019-10-26,21900035,1610612756,1610612746,2019,1
2019-10-25,21900017,1610612738,1610612761,2019,1
2019-10-25,21900018,1610612766,1610612750,2019,0
2019-10-25,21900019,1610612751,1610612752,2019,1
2019-10-25,21900020,1610612763,1610612741,2019,0
2019-10-25,21900021,1610612740,1610612742,2019,0
2019-10-25,21900022,1610612760,1610612764,2019,0
2019-10-25,21900023,1610612743,1610612756,2019,1
2019-10-25,21900024,1610612758,1610612757,2019,0
2019-10-25,21900025,1610612747,1610612762,2019,1
2019-10-24,21900014,1610612765,1610612737,2019,0
2019-10-24,21900015,1610612745,1610612749,2019,0
2019-10-24,21900016,1610612744,1610612746,2019,0
2019-10-23,21900003,1610612766,1610612741,2019,1
2019-10-23,21900004,1610612754,1610612765,2019,0
2019-10-23,21900005,1610612753,1610612739,2019,1
2019-10-23,21900006,1610612751,1610612750,2019,0
2019-10-23,21900007,1610612748,1610612763,2019,1
2019-10-23,21900008,1610612755,1610612738,2019,1
2019-10-23,21900009,1610612742,1610612764,2019,1
2019-10-23,21900010,1610612759,1610612752,2019,1
2019-10-23,21900011,1610612762,1610612760,2019,1
2019-10-23,21900012,1610612756,1610612758,2019,1
2019-10-23,21900013,1610612757,1610612743,2019,0
2019-10-22,21900001,1610612761,1610612740,2019,1
2019-10-22,21900002,1610612746,1610612747,2019,1
2019-10-18,11900074,1610612755,1610612764,2019,0
2019-10-18,11900075,1610612751,1610612761,2019,0
2019-10-18,11900076,1610612748,1610612745,2019,0
2019-10-18,11900077,1610612752,1610612740,2019,0
2019-10-18,11900078,1610612759,1610612763,2019,1
2019-10-18,11900079,1610612744,1610612747,2019,1
2019-10-17,11900069,1610612753,1610612748,2019,0
2019-10-17,11900070,1610612741,1610612737,2019,1
2019-10-17,11900071,1610612749,1610612750,2019,1
2019-10-17,11900072,1610612743,1610612757,2019,1
2019-10-17,11900073,1610612746,1610612742,2019,0
2019-10-16,11900062,1610612766,1610612765,2019,0
2019-10-16,11900063,1610612752,1610612737,2019,0
2019-10-16,11900064,1610612745,1610612759,2019,0
2019-10-16,11900065,1610612760,1610612763,2019,0
2019-10-16,11900066,1610612762,1610612757,2019,0
2019-10-16,11900068,1610612747,1610612744,2019,1
2019-10-15,11900059,1610612739,1610612738,2019,0
2019-10-15,11900060,1610612754,1610612750,2019,0
2019-10-15,11900061,1610612755,1610612765,2019,1
2019-10-14,11900053,1610612748,1610612737,2019,1
2019-10-14,11900054,1610612763,1610612766,2019,0
2019-10-14,11900055,1610612742,1610612760,2019,1
2019-10-14,11900057,1610612762,1610612758,2019,0
2019-10-14,11900056,1610612756,1610612743,2019,0
2019-10-14,11900058,1610612747,1610612744,2019,1
2019-10-13,11900046,1610612738,1610612739,2019,1
2019-10-13,11900048,1610612759,1610612740,2019,0
2019-10-13,11900049,1610612753,1610612755,2019,0
2019-10-13,11900050,1610612761,1610612741,2019,0
2019-10-13,11900051,1610612764,1610612749,2019,0
2019-10-12,11900044,1610612751,1610612747,2019,1
2019-10-12,11900045,1610612757,1610612756,2019,0
2019-10-11,11900037,1610612765,1610612739,2019,1
2019-10-11,11900038,1610612754,1610612741,2019,1
2019-10-11,11900039,1610612753,1610612738,2019,0
2019-10-11,11900040,1610612766,1610612755,2019,0
2019-10-11,11900041,1610612752,1610612764,2019,0
2019-10-11,11900042,1610612740,1610612762,2019,1
2019-10-11,11900043,1610612742,1610612749,2019,0
2019-10-10,11900030,1610612745,1610612761,2019,1
2019-10-10,11900031,1610612747,1610612751,2019,0
2019-10-10,11900034,1610612758,1610612756,2019,1
2019-10-10,11900035,1610612744,1610612750,2019,1
2019-10-10,11900036,1610612746,1610612743,2019,0
2019-10-09,11900024,1610612765,1610612742,2019,1
2019-10-09,11900026,1610612737,1610612753,2019,0
2019-10-09,11900027,1610612766,1610612748,2019,0
2019-10-09,11900028,1610612741,1610612740,2019,0
2019-10-09,11900029,1610612749,1610612762,2019,1
2019-10-08,11900017,1610612761,1610612745,2019,1
2019-10-08,11900019,1610612748,1610612759,2019,1
2019-10-08,11900021,1610612760,1610612742,2019,1
2019-10-08,11900022,1610612756,1610612750,2019,1
2019-10-08,11900023,1610612757,1610612743,2019,0
2019-10-07,11900013,1610612765,1610612753,2019,0
2019-10-07,11900014,1610612764,1610612752,2019,0
2019-10-07,11900015,1610612737,1610612740,2019,0
2019-10-07,11900016,1610612741,1610612749,2019,0
2019-10-06,11900010,1610612738,1610612766,2019,1
2019-10-05,11900005,1610612754,1610612758,2019,1
2019-10-05,11900006,1610612744,1610612747,2019,0
2019-10-05,11900007,1610612759,1610612753,2019,0
2019-10-04,11900002,1610612746,1610612745,2019,0
2019-10-04,11900003,1610612758,1610612754,2019,0
